"","id","usernames","content","joined","timeout","clean_content"
"1","01HEXEKJ56X0T8CWKPBS20Y68J","Argtim","- Living in Switzerland
- Professional Soccerplayer and Model","2023-11-10T20:26:51.727Z",NA," living switzerland professional soccerplayer model"
"2","01HK2P4NB0HYVBN7F0Q2FD5JDM","Mr.Loic-Adams","Name: Loic
Age: 17
Country: Switzerland üá®üá≠ ","2024-01-01T14:39:07.894Z",NA,"name loic age 17 country switzerland üç•üç• "
"3","01GHDMRQDTA5BSJ0E9XH6KBRJF","Svxn.bz","19 years switzerland 
READY TO MAKE MONEY!!!","2022-11-23T11:15:18.538Z",NA,"19 years switzerland ready make money"
"4","01HMKQB64MPGXQRTBJ6W49QRR5","Loki261","I'm 32 years old, born in Romania as a Hungarian. Now I live in Switzerland. I finished the Hungarian Dance University. I have made a chiropractic and massage course. ","2024-01-20T15:20:55.206Z",NA,"im 32 years old born romania hungarian now live switzerland finished hungarian dance university made chiropractic massage course "
"5","01GYEZ3VWDB6F2DGSBHQ530EKC","Ivan23","Based in Geneva, Switzerland

I currently own a company that sells fresh citrus juices and other innovative products to cocktail bars.

Feel free to connect with me here or in LinkedIN- Ivan Guerreiro","2023-04-20T09:18:04.457Z",NA,"based geneva switzerland currently company sells fresh citrus juices innovative products cocktail bars feel free connect linkedin ivan guerreiro"
"6","01GJAKTNB1TETFV2RY0M8F1EPV","arijan303","Albanian Guy who lives in Switzerland the most boring country in the world‚Ä¶ but we got the banks!","2022-11-20T19:40:36.394Z",NA,"albanian guy lives switzerland boring country world‚Ä¶ got banks"
"7","01GTZ2BJGJJNTKN6M8MQCRNR6F","roshatyil","Hustla living in central Switzerland. Are you from here? Hit me up!","2023-03-07T22:16:49.868Z",NA,"hustla living central switzerland hit "
"8","01HADCPPX8G568P6XZBMFMY05Y","Tiger_Fury","SWITZERLAND, 18. GYM, KARATE. CRYPTO TRADING + MARKETING AGENCY. ATTRACTING WHAT I ALREADY AM. ","2023-09-15T22:00:36.469Z",NA,"switzerland 18 gym karate crypto trading marketing agency attracting already "
"9","01GYWRTT5E0A95ZXXY5K47MGN8","Kesside","üìçSwitzerland | Yesterday was the easy day! | Fitnessobsessed | Copywriter in training","2023-04-25T17:55:31.765Z",NA,"üìçswitzerland yesterday easy day fitnessobsessed copywriter training"
"10","01H8EFX6W28RJTQPVGVSEN4H8J","Yves02","20 years of age 

Based in zurich

Ready to become the best possible version of myself","2023-08-22T11:26:49.347Z",NA,"20 years age based zurich ready become best possible version "
"11","01GHZ7Q0Y62MCCQX0Y1J0G3DJM","Silgadur","Switzerland 
Day Trader
Investor
19 y o","2022-11-29T17:43:27.117Z",NA,"switzerland day trader investor 19 y o"
"12","01GN0PWCTHMDGNFSGW0FG6E0K6","Black Tiger","Going to be another rich, swiss dude.","2022-12-24T00:10:10.416Z",NA,"going another rich swiss dude"
"13","01HDYDN08ZZV0MHKF3RFXWKZCP","Lupazi üòé","Ingenieur (Electronics), Bsc. (Mechatronics), MBA (Technology and Innovation),
located in central Europe (Swiss). Now aiming to change years of indoctrination from school, university and daily work.
","2023-10-29T19:13:18.266Z",NA,"ingenieur electronics bsc mechatronics mba technology innovation located central europe swiss now aiming change years indoctrination school university daily work "
"14","01GRP5XHNF69Z2GSVAF42581BZ","Chris.dgaf","Im an 19 ex geek, Who are getting in a good shape, Who wants to be free. Conquer the world
From ItalyüáÆüáπüçù
Live in Switzerlandüá®üá≠üßÄ
","2023-02-07T14:54:49.549Z",NA,"im 19 ex geek getting good shape wants free conquer world italyüÄ°üÄ°üÄ° live switzerlandüÄ°üÄ°ü†° "
"15","01H93PJFP8679NAZ8N8DYYAV93","Thani","My Name is Thani.
I‚Äòm a 15 year old boy, who lives in switzerland and has a big dream to reach.You might aswell already have guessed it what my dream is. It is to become a Man of freedom, who doesn‚Äôt ","2023-08-30T17:09:23.275Z",NA," name thani ‚Äòm 15 year old boy lives switzerland big dream reachyou might aswell already guessed dream become man freedom doesn‚Äôt "
"16","01GV167HYYFG0XXJ066Y0FBQZ9","niconaegelin11","21 /
Muay Thai Fighter / Swiss Millitary /
Former Michelin Star Chef /

Let`s WIN together my brothers!!
","2023-03-08T18:03:32.481Z","2024-07-17T10:14:20.335Z","21 muay thai fighter swiss millitary former michelin star chef lets win together brothers "
"17","01GTFH3JJ9VVB3QGT5BJK5CS9Q","Bossert","I live in Switzerland and just want to Escape the Matrix. When you are from Switzerland too lets connect and talk about how to make Moneyüí∏. ~ Think you can and you can~ üß†","2023-03-01T21:26:52.414Z",NA," live switzerland just want escape matrix switzerland lets connect talk make moneyüú© think can can ü¨©"
"18","01H81HDV0JQ7BEPZMNF6TVG1TM","mr_kilian","Swiss French auto entrepreneur, escaping the matrix‚Ä¶.","2023-08-17T10:45:19.826Z",NA,"swiss french auto entrepreneur escaping matrix‚Ä¶"
"19","01H1CSA84533EPV6RR2C7BWCKS","Timo Hebeisen","Im from Switzerland and my goal is to retire my family and build up a solid business ","2023-05-26T19:45:52.752Z",NA,"im switzerland goal retire family build solid business "
"20","01GHCH59E6TWC2FPCVE0B6T7QJ","Ilitchev","üá®üá≠üá∑üá∫ - based in Zurich lake region in Switzerland","2022-11-22T22:04:57.627Z",NA,"üá®üá®üá®üá® based zurich lake region switzerland"
"21","01GR8CM90NVMFGHN2Q27MDP3DJ","fhass","Industrial Engineer from Argentina.
Living and working in Switzerland.
Enjoy active life and looking for financial freedom","2023-02-02T06:24:14.238Z",NA,"industrial engineer argentina living working switzerland enjoy active life looking financial freedom"
"22","01HK0VYK3NZXA7KZC13MMNNXCD","Turkish G","Turkish / Austria / Switzerland 
Escaping the Matrix","2023-12-31T21:24:18.071Z",NA,"turkish austria switzerland escaping matrix"
"23","01GXE5FWQ0VTPMWGEP1ZT000N0","escaper_enes","17yrs old living in Switzerland","2023-04-07T15:35:21.435Z",NA,"17yrs old living switzerland"
"24","01GY3RC7SGAN8FZCXS7J8H36BK","Dominik.J","22 years old, based in Switzerland. Pursuing the way of financial freedom for 2 years now. Not there yet but on a good way. Focus on crypto and marketing, now looking for more ways to grow.","2023-04-16T00:46:25.367Z",NA,"22 years old based switzerland pursuing way financial freedom 2 years now yet good way focus crypto marketing now looking ways grow"
"25","01GKY84DC79TM9WW1SDVM0YGJY","Jabba67","Based in Switzerland","2022-12-10T14:48:54.812Z",NA,"based switzerland"
"26","01HAM58QHHRKAMZZ9R07X00SVF","Impergator","I'm a 19 year old male and currently working 80% as a Software Developer in Switzerland.","2023-09-18T13:05:37.649Z",NA,"im 19 year old male currently working 80 software developer switzerland"
"27","01GYFSDMMXA86HDVM6XB434RW4","Kev_letsgetrich","I'm a 17 year old student from Switzerland who wants to improve himself to best version and to get rich so that I can fully live my potential and travel the world.","2023-04-20T16:55:21.585Z",NA,"im 17 year old student switzerland wants improve best version get rich can fully live potential travel world"
"28","01GP9FE7S9FED8RM6106M5BYDP","DyloETM","Text me if youre from switzerland","2023-01-08T20:00:50.950Z",NA,"text youre switzerland"
"29","01GZ4C09YKBMME1AAAXZ4AJEXA","Samuel Silva","Hello Guys. Im Samuel i live in Switzerland, but im origanly from Portugal. Im 21 Years old. I hope we can all achieve the same mission: escape the matrix!!!","2023-04-28T16:44:37.001Z",NA,"hello guys im samuel live switzerland im origanly portugal im 21 years old hope can achieve mission escape matrix"
"30","01GHSE27CX90DD12FKH8N5GGQ4","Dawud Basic","20 Years Old Bosnian living in Switzerland
Curently Aprentice as an Polymechanic in ABB","2022-11-23T18:12:37.092Z",NA,"20 years old bosnian living switzerland curently aprentice polymechanic abb"
"31","01GZS3A2DG0PRY3DC98CSQ41T7","edis_bosna","Im Bosnian Muslim living in Switzerland and need Help G's.","2023-05-06T17:57:15.203Z",NA,"im bosnian muslim living switzerland need help gs"
"32","01GHW60G8E812FWRZ43K1R3YXF","Aston F50","Swiss accounts, big amounts,dropping cheques that dont bounce.","2022-11-15T11:12:09.979Z",NA,"swiss accounts big amountsdropping cheques dont bounce"
"33","01GYYVTCWN29Q1E2ZD8VJPVPYZ","UngSwissTravel","My name is Robbie 
I‚Äôm 42 years old and I live in Switzerland  ","2023-04-26T13:25:45.760Z",NA," name robbie ‚Äôm 42 years old live switzerland "
"34","01H58J7HPZ1G3QVCFXCMFRN69N","gianluca_","Switzerland

ICT-Trader  | System Engineer | Gym 

@giaanlucaa.__","2023-07-13T21:25:03.675Z",NA,"switzerland icttrader system engineer gym giaanlucaa"
"35","01GHRGBVQKZAWC64YW8VV5QP6V","V.XH","Switzerland","2022-11-22T22:59:17.631Z",NA,"switzerland"
"36","01JBVEH50C6G7MGAXF1WNFPK50","Guiitc_","GC
From Portugal & Switzerland
","2024-11-04T11:22:09.940Z",NA,"gc portugal switzerland "
"37","01H0ESCDB4Y162ES0HH3YW329W","-Leon-","""Opt for the hard way, because in the end it's the only way""

16 years old
Switzerland","2023-05-15T04:07:09.382Z",NA,"opt hard way end way 16 years old switzerland"
"38","01JC1GQX08M6V4FDGBESE7RXPP","francisco17lino","25yo based in Switzerland
Languages: English, German and Portuguese","2024-11-06T19:55:55.633Z",NA,"25yo based switzerland languages english german portuguese"
"39","01H2EKMB07E527FN8G106M9F70","Rade1993","Born and Raised in Serbia, living in Switzerland!
Trying to be a G!","2023-06-08T22:57:40.131Z",NA,"born raised serbia living switzerland trying g"
"40","01H4AXH6EB32Y4VSHXVY99TJ0H","OZK","- 25 y/o
- based in Switzerland
- full time office worker
- passionate about football and cars
","2023-07-02T09:05:54.478Z",NA," 25 yo based switzerland full time office worker passionate football cars "
"41","01HDVAQXACVJNCFHE7P1RZGVPJ","kuzmaking","Living in Switzerland 
Coming from Bosnia
Father 
.","2023-10-28T14:26:59.274Z",NA,"living switzerland coming bosnia father "
"42","01GTHVSR20Q7S48PBB0Z4RWD85","simonca","Young, Swiss, hungry","2023-03-02T19:12:11.147Z",NA,"young swiss hungry"
"43","01HK0GF817F8980H9642B8HWB0","Hugo.BPL","Assistant Shop Manager at Hugo Boss | Active Private Trader in the Financial Markets

Switzerland | Portugal","2023-12-31T18:00:58.051Z",NA,"assistant shop manager hugo boss active private trader financial markets switzerland portugal"
"44","01GJG71XN0MGB49DNXZ1ZZT9VY","Mase27","Born in raised in New Zealand looking to break the family curse Chur Chur ","2023-05-31T18:08:24.877Z",NA,"born raised new zealand looking break family curse chur chur "
"45","01GJB29AGR4C6W2DEYT3HWFK7Y","kbg86","Restaurateur in Canada.
BBA in restaurant,hotel,resort and business management from Swiss hotel school's.
Born in Dubai, raised in UK, Grown up from Philippines-Switzerland-Canada","2022-11-20T23:10:03.480Z",NA,"restaurateur canada bba restauranthotelresort business management swiss hotel schools born dubai raised uk grown philippinesswitzerlandcanada"
"46","01HF4SHHS12NBGWAT403RGA4P6","Edikei1","My name is Erkan Beljuli
I am 33 years old
I live in Switzerland
","2023-11-13T16:52:35.350Z",NA," name erkan beljuli 33 years old live switzerland "
"47","01GGQSFYJ9WS51DD5AFGQHYNYW","Lopes","38 years old, nursing degree, two children, I learned French to work and live in Switzerland. I studied management and psychiatry the last few years. Now it is time to understand everything about mone","2022-11-23T08:00:35.731Z",NA,"38 years old nursing degree two children learned french work live switzerland studied management psychiatry last years now time understand everything mone"
"48","01H0B1X4ADFMT5TNKVVB962A2V","The Guy Behind","Creating innovative Web companies from Geneva Switzerland to solve African fundamentals problems as Health, hunger, education, entertainment, fashion, commodities trading, energy...

Because i am the ","2023-05-13T17:18:42.567Z",NA,"creating innovative web companies geneva switzerland solve african fundamentals problems health hunger education entertainment fashion commodities trading energy "
"49","01H1FKDBH3YBJ728P2MZNSESA4","Meni009","Albanian Guy living in swiss . 
I like  movies
Film
Hollywood
Ibig dreams ! 
I hope one day we are in other level ! Good luck","2023-05-27T22:00:50.223Z",NA,"albanian guy living swiss like movies film hollywood ibig dreams hope one day level good luck"
"50","01GXHQVCXN0AJWNDQNWHS3RCGA","Jeank","
I am a sales representative and self-employed restaurateur in ZURICH SWITZERLAND. In my free time, I am passionate about learning new things and I box to find balance. I love spending time with my fa","2023-04-09T01:22:04.069Z",NA," sales representative selfemployed restaurateur zurich switzerland free time passionate learning new things box find balance love spending time fa"
"51","01HEG83537YEX192V5ZPQW2JW8","Istmagambet","- Entrepreneur (MBA, BA, BS, Swiss Boarding school)
- Kazakh Top G (on the way to be)","2023-11-05T17:22:33.885Z",NA," entrepreneur mba ba bs swiss boarding school kazakh top g way "
"52","01HK0R12HPAETRYEN6WEDRB4QW","Pici","Im a Producer from Switzerland, like crypto and managing egos and souls so environments stay protected.","2023-12-31T20:13:37.089Z",NA,"im producer switzerland like crypto managing egos souls environments stay protected"
"53","01GT3VPYTA2M7R665SRW4HXW33","Halili Alija","Switzerland aint gon stop me
","2023-02-25T08:49:41.546Z",NA,"switzerland aint gon stop "
"54","01HK2H6GCXP6GTE98SFDACG9W3","roadblock45","this poor swiss guy","2024-01-01T12:52:25.966Z",NA," poor swiss guy"
"55","01H46YTETN0AFTZHCSCPVB7FG4","Mubarak.Rezai","21 year old From Afghanistan currently living in Swiss. 
","2023-06-30T20:10:25.801Z",NA,"21 year old afghanistan currently living swiss "
"56","01HCG7YF6HP2GVXGWNM87K8YJW","Furko","I am a kind guy from Switzerland who likes to play basketball and does music. Also a brand-new hustler of the Real World.
 ","2023-10-11T20:49:13.735Z",NA," kind guy switzerland likes play basketball music also brandnew hustler real world "
"57","01GH175346J1V1RK8YJNBSN38V","rruben","18yo swiss","2022-11-23T15:18:02.623Z",NA,"18yo swiss"
"58","01H2X8FBGD7SEDAW27J9SCZD42","TonyGl85","38 years old , married and father of three children.
Albanian nationality and living in switzerland from 10 years now.
Employed as team leader in a swiss company . ","2023-06-14T15:39:55.152Z",NA,"38 years old married father three children albanian nationality living switzerland 10 years now employed team leader swiss company "
"59","01GGES8ANYBP9MTX93S7JV6GN2","Praseen","23yrs
Z√ºrich, Switzerland
Forex Trading and Marketing","2022-11-24T21:12:53.665Z",NA,"23yrs z√ºrich switzerland forex trading marketing"
"60","01H272V3TGF9KCAZ7JMHM4154H","EnijadVonJu","Roots from Sandzak
Living in Switzerland","2023-06-06T00:49:30.117Z",NA,"roots sandzak living switzerland"
"61","01H8PEVMVYP1TK008C4D0FV45Z","Swiss_G","Swiss student, changing his life to give back the people he loves","2023-08-25T13:42:53.912Z",NA,"swiss student changing life give back people loves"
"62","01HFKNVBEEVJPSVNSVRN0XNGNR","svenpz","20y/old Guy from Switzerland.
I always had the reasons to be successful but never the opportunity.
Now I found THE Opportunity.","2023-11-19T11:36:53.722Z",NA,"20yold guy switzerland always reasons successful never opportunity now found opportunity"
"63","01H5SK56BEP3PQ3DZERE8MECE3","kubi","17 kid from switzerland","2023-07-20T12:08:29.939Z",NA,"17 kid switzerland"
"64","01GQAM8F3Z9R1DBM7AKS3BKXXD","swisshustler","Swiss, Special Forces, Here to Win and make Money","2023-01-21T17:00:23.571Z",NA,"swiss special forces win make money"
"65","01J26GCWNSHRRJ1VQ0TV3MQ9H1","Joa07","17 y/o 
From Switzerland üá®üá≠ üáÆüáπ
","2024-07-07T11:49:55.006Z",NA,"17 yo switzerland üÄπüÄπ üÄπüÄπ "
"66","01H7NSGVZMAGXX25FA111PYQV3","Elia Avino","Hi my name is Elia Avino. Im 16 years old and im from switzerland. Im trying to escape the matrix with freelancing. ","2023-08-12T21:17:21.140Z",NA,"hi name elia avino im 16 years old im switzerland im trying escape matrix freelancing "
"67","01GGJ9W7QCW8ZSMQAWCTEQED9X","Eric_Buechli","I am Swiss. I live in the woke, leftist capitals in the world and I'm trying to escape this hellhole.","2022-11-22T20:30:36.978Z",NA," swiss live woke leftist capitals world im trying escape hellhole"
"68","01H0FAYBS6P92HVDPVTFPRQ15S","Timo Laeng","Switzerland | Landscape gardener in apprenticeship| 17","2023-05-15T09:13:21.399Z",NA,"switzerland landscape gardener apprenticeship 17"
"69","01GX15KEXYVEVT7M7VM5BY5435","Edmond_91","Near Basel, Switzerland","2023-04-02T14:23:55.786Z",NA,"near basel switzerland"
"70","01H4ZPD8P7PN04Z36JHD1Y9PNZ","loai.chamas","My name is Loai
I'm 28 years old
Born and raised in Switzerland
Living now on Mallorca for over 3 years
Self-employed for over 3 years
Working for freedom!
","2023-07-10T10:44:15.057Z",NA," name loai im 28 years old born raised switzerland living now mallorca 3 years selfemployed 3 years working freedom "
"71","01H2NFNERW4W2V99ZXZBEZGYQY","IvoIvanov","Moving between Bulgaria, Switzerland, and the U.S.
3+ years of fitness and MMA 
I will build an oil rig, start a revolution, defeat a dragon, and knit clothes for a baby at the right price ","2023-06-11T15:06:31.051Z",NA,"moving bulgaria switzerland us 3 years fitness mma will build oil rig start revolution defeat dragon knit clothes baby right price "
"72","01H00MC7DRFRPM3VGZ8FSQ7QXE","Luan Deva","Based in Switzerland, originally from Kosova. Trying my best to escape the Matrix.","2023-05-09T16:09:47.727Z",NA,"based switzerland originally kosova trying best escape matrix"
"73","01GGQVCW49H0323C126E9M0B7B","luca.llm05","Copywrite Campus
Switzerland

#FreeTopG","2022-11-22T20:53:58.249Z",NA,"copywrite campus switzerland freetopg"
"74","01J4FD13BQP53XN6A5H2J5TS8B","Fergus_zh","18-year-old from Switzerland with a passion for MMA and a drive for self-improvement. Focused on building discipline through sport while aspiring for wealth and success in all areas of life.
","2024-08-04T19:15:45.349Z",NA,"18yearold switzerland passion mma drive selfimprovement focused building discipline sport aspiring wealth success areas life "
"75","01HJVCAAEN530ZE0PCH3VZ7N2Q","MigiHunzi","Apprentice as an electronics Technician in Switzerland.","2023-12-29T18:13:00.296Z",NA,"apprentice electronics technician switzerland"
"76","01H3VC0KDK57T94VFJFZV2DTAD","stan.alag2008","I am 15 years old and I live in Geneva","2023-06-26T08:11:40.857Z",NA," 15 years old live geneva"
"77","01GTHGSMTARDSXVHND5EN5JQVE","Eduard Uehlinger","My Name is Eduard Uehlinger 
I am 15 years old and I live in Switzerland.


","2023-03-02T16:00:09.820Z",NA," name eduard uehlinger 15 years old live switzerland "
"78","01GYQDFCQ80EDJ0VXZMGGFPFTB","ruediger werns","Born 1960 , military service special forces , Master of economy , IT software business until 2004 , self employed consultant in IT and operations from 2004- now .
Living in Frankfurt and Zug Switzerla","2023-04-23T16:01:02.285Z",NA,"born 1960 military service special forces master economy software business 2004 self employed consultant operations 2004 now living frankfurt zug switzerla"
"79","01GWP3S74CF5CRX7SE2D7GZYCT","Ettore iseppi","Im Ettore a young swiss guy that is going to escape the matrix!","2023-04-01T18:30:35.886Z",NA,"im ettore young swiss guy going escape matrix"
"80","01GVGRS3ZJG66RHX0Y1PYBBRHM","SouhailGNV","Ex security agent and bodyguard
Sergeant in the Swiss Army as an infrastructure firefighter 
Speak English and French","2023-03-14T19:16:59.530Z",NA,"ex security agent bodyguard sergeant swiss army infrastructure firefighter speak english french"
"81","01HX6P9CDR2GV4XZWPDJNYV731","FabioST","Just a Switzerland Man who`s trying to escape Brokieville and Retire my mother.","2024-05-06T10:13:52.292Z",NA,"just switzerland man whos trying escape brokieville retire mother"
"82","01HBN6N2XFQTSZDRS5QYM6GX6Q","ErjonG","Albanian from switzerland","2023-10-01T08:48:47.871Z",NA,"albanian switzerland"
"83","01GQQVYDJ2491000ZBYC36MK75","greeenowen","16y/o from switzerland hustlin","2023-01-26T20:24:05.159Z",NA,"16yo switzerland hustlin"
"84","01GJQGF5RH5DAT572QWDT09ZVB","FearConquerer üíπ","Crypto Student. Video Editor | üí∞üé•
Portuguese based in Switzerland. Add me to network.","2022-11-25T19:22:56.660Z",NA,"crypto student video editor üô∞üâ∞ portuguese based switzerland add network"
"85","01HGAZSAHSM0S694B5RXZPE6JW","Erkan.Aliosman","Im 23 years old high school graduate from Bulgaria.Currently im living in Switzerland without speaking the language and trying to survive.Im hungry for success and money","2023-11-28T12:54:23.830Z",NA,"im 23 years old high school graduate bulgariacurrently im living switzerland without speaking language trying surviveim hungry success money"
"86","01HDKV7MZG8DEX6C9CERP32AA2","Arachnitox","21 Years old, Switzerland","2023-10-25T16:39:11.212Z",NA,"21 years old switzerland"
"87","01GHRX5ZAF6X59Q9BPX5NK7QDC","PJTheHustler","- 15
- Switzerland
- Money Made thanks to TRW: 28$
","2022-11-23T16:00:56.932Z",NA," 15 switzerland money made thanks trw 28 "
"88","01GHM2E6C92T33W6SN45W46SG0","Fabio Kellerüí∏","On my way, to escape the Matrix!
17 Yo old, from Switzerland
Languages: German, English","2022-11-22T18:47:49.328Z",NA," way escape matrix 17 yo old switzerland languages german english"
"89","01GHV8WS3101Z6PBN8W48PHT47","fabu03","19yo TOP G from Switzerland
ESCAPED THE MATRIX","2022-11-18T12:17:42.234Z",NA,"19yo top g switzerland escaped matrix"
"90","01GGQHQ7MNFDBY4SEJ4R77NWZM","Zelno","14 year old swiss guy trying to become as wealthy as possible.
Keep up the work Gs","2022-11-23T06:25:00.125Z",NA,"14 year old swiss guy trying become wealthy possible keep work gs"
"91","01H0FE0GC1C7V511GQJMCFSGJS","ohno05","I‚Äòm 17 from switzerland and trying to become rich with my friend. ","2023-05-15T10:07:32.053Z",NA,"‚Äòm 17 switzerland trying become rich friend "
"92","01HHY08XM9JMM7HAJFYEMZD1TD","Jamie_Lewis_Appel‚öîÔ∏è","Jamie Lewis Appel
17yrs jung
saved by the grace of Jesus
Waterpolo
Swiss
","2023-12-18T08:26:34.513Z",NA,"jamie lewis appel 17yrs jung saved grace jesus waterpolo swiss "
"93","01GWJ29SXA047BWM7B8GYY65G9","LucaXY","Im 17 yrs old and live in Switzerland","2023-03-27T17:38:31.447Z",NA,"im 17 yrs old live switzerland"
"94","01GY8E7A5J9ENNFJNDYEMAQSHN","Lucco","Digital Marketing Manager in Switzerland, wanting to level up and reach financial freedom in the next 2 years. ","2023-04-17T20:25:39.479Z",NA,"digital marketing manager switzerland wanting level reach financial freedom next 2 years "
"95","01GHH0HGY82JVYMQ9F8D4B6YEA","Evgenij","Consultant & programmer based in Switzerland. Currently working on a software solution with another guy and looking for new members who wanna join the resistance in üá®üá≠. Hit me up if u wanna team up ü§ù
","2022-11-23T11:39:59.910Z",NA,"consultant programmer based switzerland currently working software solution another guy looking new members wanna join resistance üé≥üé≥ hit u wanna team üÆ≥ "
"96","01H05XNZN4SBASPSMXWK398XPR","Khali1998","Swiss G
Speaking German and English","2023-05-11T17:32:11.819Z",NA,"swiss g speaking german english"
"97","01GSW70RR1B85YBK8BYT5HGSMF","Nikai","Swiss Army Officer
‚Ä¢ Provide strategic support, training and guidance to personnel in order to ensure the efficient and effective operation of the Swiss Army.
‚Ä¢ Manage logistics, planning, and operati","2023-02-22T09:25:41.031Z",NA,"swiss army officer ‚Ä¢ provide strategic support training guidance personnel order ensure efficient effective operation swiss army ‚Ä¢ manage logistics planning operati"
"98","01GTMD67PWKDKXP9EDVP6ZJSJJ","Niki_Milan","i live in Switzerland and i want to escape the Matrix.","2023-03-03T18:55:18.889Z",NA," live switzerland want escape matrix"
"99","01H17R3HP6ZCSGKK4FF6QPRPCW","RageRaven","-14 y/o
-Wants to escape the matrix
-Live in switzerland
","2023-05-24T20:45:21.497Z",NA,"14 yo wants escape matrix live switzerland "
"100","01GNW4C59QH14W7PZWMTXETXXK","Nikola_310","Consumer Credit Counselor in Switzerland 

Interested in improving my skills 
","2023-01-03T15:37:56.949Z",NA,"consumer credit counselor switzerland interested improving skills "
"101","01H02DDDA30Q9NJ3KWEA7JR8BP","Jemy Naumann","My name is Jemy, I come from Switzerland. I am here to learn a lot because in my life, I am tired of constantly working for¬†a¬†meager¬†wage.","2023-05-10T08:47:02.827Z",NA," name jemy come switzerland learn lot life tired constantly working ¬†¬†meager¬†wage"
"102","01GMXF9A5SG7D2WD0821XM3H5Q","Z√ºrichErvin","From Zurich, looking to achieve high discipline, peak masculinity and a wealthy, hard-earned lifestyle.","2022-12-22T17:52:24.749Z",NA," zurich looking achieve high discipline peak masculinity wealthy hardearned lifestyle"
"103","01H91DG96CBPY88V38VS2T2V42","Drijon_Shala","I am Albanien 
I live in Switzerland 
My Goal is to get rich","2023-08-29T19:52:54.362Z",NA," albanien live switzerland goal get rich"
"104","01H28XVAWWW816RVQ898M2MEQD","camfounder","Full-time UX Designer for a global Swiss OTV company üíº.  Part-time freelancer for SMEs looking to scale and improve overall UX üìà. Full-time business owner looking to scale and raise for a SAAS busines","2023-06-06T18:00:33.323Z",NA,"fulltime ux designer global swiss otv company üú¨ parttime freelancer smes looking scale improve overall ux üú¨ fulltime business owner looking scale raise saas busines"
"105","01GZCCR40MB9K7ZPVSX5DG9F3R","Valentin_P","15 yo
Switzerland","2023-05-01T19:32:24.570Z",NA,"15 yo switzerland"
"106","01H2XKX9RZ67435NJXM3BNC8V1","Shadow Work","Somewhere Pompeii & Posh‚Ä¶ Like Geneva.","2023-06-14T18:53:53.809Z",NA,"somewhere pompeii posh‚Ä¶ like geneva"
"107","01HZVRRG55Y1Y8HG1KN3YA2SE5","Mike10B","Mike from Switzerland 33 years old, ex basketball player in Germany. Trying to build a future for me and my family. ","2024-06-08T11:14:31.302Z",NA,"mike switzerland 33 years old ex basketball player germany trying build future family "
"108","01GY9FY66X6F9PY7BDRK1KNSJR","pshh","Student in Switzerland
working parttime
gym and volleyball enthusiast","2023-04-18T06:15:11.118Z",NA,"student switzerland working parttime gym volleyball enthusiast"
"109","01GQ7VS2G5W1GWA2X555Q2EMQK","Fadaflo","19 yo, from Switzerland","2023-01-20T15:13:04.784Z",NA,"19 yo switzerland"
"110","01GSJ6R06YBRW2NEGW2QTA7N3Q","29 seconds","Music producer / crypto investor from switzerland.","2023-02-18T12:07:54.022Z",NA,"music producer crypto investor switzerland"
"111","01GJQS4NRNR76M82DDAPKVGRAK","AdeerTheG","Dress Italian
Drive German
Wear Swiss
Spend Arab
Kiss French","2024-08-20T18:27:58.309Z",NA,"dress italian drive german wear swiss spend arab kiss french"
"112","01HBTYM7FS1VM07T8X31S5Q3T2","Philipp Ackermann","15y
Swiss","2023-10-03T14:24:07.577Z",NA,"15y swiss"
"113","01H3VP3HG2V973K9ZNH9WKW73V","MikyZ06","From Switzerland TOP G supporter !!!!
","2023-06-26T11:06:22.106Z",NA," switzerland top g supporter "
"114","01GPBHW3XH13E5C4BQKBFTTPQP","Fowucazi","a chuck tryna make it
Lets work together!
Facs:
Swiss
25
Skills:
‚Ä¢ Music Production/Beatmaking
‚Ä¢ Fitness/Health Training
‚Ä¢ Creative Designing/ Fotography
‚Ä¢ Crypto/NFTs/Trading





","2023-01-09T15:21:22.737Z",NA," chuck tryna make lets work together facs swiss 25 skills ‚Ä¢ music productionbeatmaking ‚Ä¢ fitnesshealth training ‚Ä¢ creative designing fotography ‚Ä¢ cryptonftstrading "
"115","01GW4NXBHRMJF7PA8Q5WHRAGJX","Baki13","23 - Switzerland

","2023-03-22T12:51:12.853Z",NA,"23 switzerland "
"116","01GYX2NS7SBDC7VBG11FWXQACZ","Doeringer","Zurich - financial advisor","2023-04-25T20:49:26.601Z",NA,"zurich financial advisor"
"117","01GSZW90BAV47P82XTG1X7DR63","Edvinhadz","Substantial military & close protection experience. Zero money making exp.
Starting a night vision company in Switzerland.
Hit me up!","2023-02-23T19:34:16.785Z",NA,"substantial military close protection experience zero money making exp starting night vision company switzerland hit "
"118","01HJQSSRJA7VH1P5A7PY7QNMMC","Chakaito","From switzerland with venezuelan background. Working as real estate broker, looking for people that want to colaborate. Also searching for business oportunties in venezuela from switzerland.","2023-12-28T08:53:22.856Z",NA," switzerland venezuelan background working real estate broker looking people want colaborate also searching business oportunties venezuela switzerland"
"119","01GW48YSZ0S6MFWKKZZ80BHADQ","Moninjo","Switzerland","2023-03-22T09:04:12.722Z",NA,"switzerland"
"120","01H8S7CXEFBTBDWHZG1GEACD4Y","Ayman Belaouche","My name is Ayman Belaouche. I am currently 19 years old and live in Zurich, Switzerland. I am a dedicated sportsman and I want to make my future self proud of me.","2023-08-26T15:31:49.493Z",NA," name ayman belaouche currently 19 years old live zurich switzerland dedicated sportsman want make future self proud "
"121","01HH4K8RSG8ZAY0Y5YC9D4KS69","Vali2005","I am from Swiss. I am 18 years old. 
I am a Hairdresser and a Tattooartist","2023-12-08T11:34:12.307Z",NA," swiss 18 years old hairdresser tattooartist"
"122","01H3VHYG0F3H0Q5FSS64VH3ZHT","shpendo95","HI i am Shpend from Albania living in Switzerland Zurich.","2023-06-26T09:53:40.850Z",NA,"hi shpend albania living switzerland zurich"
"123","01H4RGGGF6WCB88C2VEA4B6TB2","Shployd","2 Swiss guys trying to escape the matrix","2023-07-07T15:48:38.436Z",NA,"2 swiss guys trying escape matrix"
"124","01H8YRPQN7ESN91WF7P51X1DMX","ChargingDon","

Albanian living in switzerland ","2023-08-28T19:11:01.926Z",NA," albanian living switzerland "
"125","01JA3HYE9BS1QW53HNH6TJSDTX","Doukoir","18 years old Chechen entrepreneur born in Switzerland, everything on my mind is to be the greatest version of me ","2024-10-13T18:28:44.061Z",NA,"18 years old chechen entrepreneur born switzerland everything mind greatest version "
"126","01H92M0EVPMH3EB0D5QDYV1NTK","manuel runcan","I'm 20 years old from switzerland 
i joined becouse i want to retire my parents,
and to take care of my family in romania.
","2023-08-30T07:10:04.269Z",NA,"im 20 years old switzerland joined becouse want retire parents take care family romania "
"127","01GHW5SW31047B89F47BEMTSPP","dUkey","Switzerland ","2022-11-15T15:05:12.413Z",NA,"switzerland "
"128","01J1VVMTPF3G6GXVZBGVVQ14QX","Jemis","28 years old from Switzerland.

Striving to be better day by day.","2024-07-03T08:34:37.372Z",NA,"28 years old switzerland striving better day day"
"129","01GWS19F27GH8VASRZZTRN2JRH","Stef005","17 years old, lives in switzerland. Currently I am an apprentice in the 2. year of 3. years. I'm making about 870 CHF a month.","2023-03-30T10:34:34.243Z",NA,"17 years old lives switzerland currently apprentice 2 year 3 years im making 870 chf month"
"130","01HM1JH49V5WDZ60NHYGC5KGQ3","camil.lo","A 16 year old from Switzerland currently escaping","2024-01-13T14:10:56.484Z",NA," 16 year old switzerland currently escaping"
"131","01GRZ7HRF5PV76NKZ5X1Y1H223","Stefanzh","Hi My name is Stefan im from switzerland 
22 years old.","2023-02-11T03:17:05.991Z",NA,"hi name stefan im switzerland 22 years old"
"132","01GZQVWXPW7378308SZTDHQ2VZ","Husam977","Hello!
 I am Husam and i'm 18 years old living in Switzerland currently working a 9-5 job. my goal is to be financially free","2023-05-06T06:30:32.847Z",NA,"hello husam im 18 years old living switzerland currently working 95 job goal financially free"
"133","01H7VQKW36YF7JWAX056TQ5X09","Cancellor97","Scientist
Based in Switzerland
8 years of investing experience","2023-08-15T04:38:06.899Z",NA,"scientist based switzerland 8 years investing experience"
"134","01H2X15607BSMNMK6Y7YJH84A2","Jerem Arcioni","Mindset Coach in Lausanne, Switzerland.
","2023-06-14T13:23:51.571Z",NA,"mindset coach lausanne switzerland "
"135","01H9EF402B1BDYCYVBW6ZEJ36P","Lowsco","I'm actually am insurance advisor for a big corporation.

I'm swiss and living in Switzerland ","2023-09-03T21:31:44.464Z",NA,"im actually insurance advisor big corporation im swiss living switzerland "
"136","01H00PQW895S612VVP7TFPTBJR","_XA7_onTRW","I'm 16 years old living in Switzerland, I'm an Albanian from North Macedonia.

My Goal Inside The real World is to Upgrade myself beyond my imagination. ","2023-05-09T16:52:14.530Z",NA,"im 16 years old living switzerland im albanian north macedonia goal inside real world upgrade beyond imagination "
"137","01HE173M5FFG8VPA6WNYYHEN9B","Roland Keller","Hey Everyone i am 20 years old and live in switzerland, i work in a delivery enterprise called Just Eat, and i do dropshipping also my goal here is to find the freedom and not be every end of the mont","2023-10-30T21:16:43.147Z",NA,"hey everyone 20 years old live switzerland work delivery enterprise called just eat dropshipping also goal find freedom every end mont"
"138","01H3PWJ5ZNAYMM2VDQ83RYTPVS","Herv√©","Hi everyone!!!

I'm Herv√© from switzerland, i'm a BJJ blackbelt and really want to escape the matrix!!!
i'm starving to learn new things and really appriciate to be a part of this community!!!

So tha","2023-06-24T14:24:16.685Z",NA,"hi everyone im herv√© switzerland im bjj blackbelt really want escape matrix im starving learn new things really appriciate part community tha"
"139","01H2V7GKHXTSJQ2VZMXVNRN27E","Milo Henry","Trying to build up a clan for people located in Germany Austria an Switzerland. In general German speakers ! Not yet reached the direct message power-up so you can add me on instagram: henry_millo 
Im","2023-06-13T20:42:34.846Z",NA,"trying build clan people located germany austria switzerland general german speakers yet reached direct message powerup can add instagram henrymillo im"
"140","01GJ0HZN41YK2SXX32B12Q4H65","NinjaCalibre5","Hi, I‚Äôm Alex

20 years old and currently in Switzerland üá®üá≠

Interested in Cars, Gym, MMA and Deep Talks

Hit me up, if you wanna talk ","2022-11-16T18:50:14.709Z",NA,"hi ‚Äôm alex 20 years old currently switzerland üå†üå† interested cars gym mma deep talks hit wanna talk "
"141","01HQBNK9DE23CQ2A4VCPD7V74M","SpaceyShayne","20 / Swiss / here to get my dream live","2024-02-23T19:04:27.609Z",NA,"20 swiss get dream live"
"142","01GWMPGZBZSH3T9ETXNJ9XE233","Lehmi_GG","18
Switzerland
Ready to hustle!","2023-03-28T18:09:32.215Z",NA,"18 switzerland ready hustle"
"143","01GHV8RJ96Q63DS5YTH17N6WWX","ArtemDigital","French Italiano Portugu√™s Espanol English
Car & Construction Industries
Switzerland ","2022-12-01T01:01:17.654Z",NA,"french italiano portugu√™s espanol english car construction industries switzerland "
"144","01H1QF2H471T13N29DMF67436G","Milos Paunovic","20, Boxer living in Zurich. ","2023-05-30T23:17:10.441Z",NA,"20 boxer living zurich "
"145","01GT307DZE8WDT75VY8GEX9VF4","Bambaruush","Professional Chef 
Currently in Switzerland","2023-02-25T00:41:29.509Z",NA,"professional chef currently switzerland"
"146","01H54EE188JNKBPWFN2GVF004W","Sekaigan","Inaction is Ineffective: 18 y,o professional cook from Switzerland.","2023-07-12T07:01:13.208Z",NA,"inaction ineffective 18 yo professional cook switzerland"
"147","01H2SKG8TTDVZC4V8MTS7WBD1K","Frrokaj","I'm Frrokaj and I live in Switzerland.","2023-06-13T05:26:59.406Z",NA,"im frrokaj live switzerland"
"148","01HH0NX183PZM3G6W7Q8Q91DEN","ALME DON","Albanian living in Switzerland 
22 yrs 
Thaiboxing and Gym ü•ä
Alhamdulillah! ü§≤","2023-12-06T23:03:32.339Z",NA,"albanian living switzerland 22 yrs thaiboxing gym ü¢° alhamdulillah ü¢°"
"149","01GJ2RFGH05A2CZPFH235ZGFJS","SellyM","Based in Switzerland.","2022-11-28T11:12:18.693Z",NA,"based switzerland"
"150","01GWW2QYQHEC542VAPBYQESX0X","abdu.e1","K1 Swiss Champion
Professional Figher
","2023-03-31T15:01:04.450Z",NA,"k1 swiss champion professional figher "
"151","01HEACETEHZXG00668R0PW8HTZ","SiyoF1","Siyar Can - 25 years old, in Switzerland.","2023-11-03T10:43:39.596Z",NA,"siyar can 25 years old switzerland"
"152","01GJQKPN1KHGVNZX3D8PDSEZHE","Kamikaze üíØ","27 year old car salesman from Switzerland focused on becoming financially free","2023-05-13T18:49:03.288Z",NA,"27 year old car salesman switzerland focused becoming financially free"
"153","01GZP94H7CJAQR7N6TWTD9K593","J√©r√©my","Living in Switzerland.
Studying at: lyca.ch
19 years old.
Joined to learn how to make money and become financially free.
Still a beginner
Don't hesitate to contact me to talk about money or if you're ","2023-05-05T15:40:43.784Z",NA,"living switzerland studying lycach 19 years old joined learn make money become financially free still beginner dont hesitate contact talk money youre "
"154","01GJR4Q049P8WMTEX59GA5QQCF","Lelic","Switzerland
","2022-11-29T10:12:11.436Z",NA,"switzerland "
"155","01H94G3NT7TCTVXKRX8FFQQ4W4","Patrick47","Switzerland, Tessin.
Specialized in design, commerce, life hacks, real estate.","2023-08-31T00:35:11.407Z",NA,"switzerland tessin specialized design commerce life hacks real estate"
"156","01HC26002NEN48SD91KNEYA7H9","Aleksandra Hetmanska","An Accountant in Switzerland üá®üá≠ ","2023-10-06T09:45:24.627Z",NA," accountant switzerland üÄÅüÄÅ "
"157","01GSQE1F36J5AV9J1ED12ZPFET","albertosoprano","MBA-Student from Switzerland","2023-02-20T12:52:19.733Z",NA,"mbastudent switzerland"
"158","01H66FK6E47AMVPTN76NVAYT39","Huytran1","Nail Artist in Switzerland. Want to order the most expensive steak in restaurant . ","2023-07-25T12:16:09.337Z",NA,"nail artist switzerland want order expensive steak restaurant "
"159","01HVNNYMRHFW0QS6NV9K3NTNDY","NotAttilaKoncz","Soccer, Kickboxing, Making Money living in Switzerland from Hungary and the USA.","2024-04-17T09:25:53.644Z",NA,"soccer kickboxing making money living switzerland hungary usa"
"160","01H03HSR7AWMJ5VQPAZQNAA041","notKYLE","‚Ä¢ working as a slave for a tech company for now.
‚Ä¢ they're paying me 6-digits to be a slave and forget my dreams.
‚Ä¢ living in zurich, switzerland","2023-05-10T19:22:50.118Z",NA,"‚Ä¢ working slave tech company now ‚Ä¢ theyre paying 6digits slave forget dreams ‚Ä¢ living zurich switzerland"
"161","01H9R9SQ9W2Y38JXTKJY4C2N91","Bernhard L.","27 from Switzerland. Ready to change my life for the better.","2023-09-07T17:12:18.288Z",NA,"27 switzerland ready change life better"
"162","01GJJ59P0X5WZZB9PMA8E9NBYP","Sidarüí™","18 years from Switzerland, Basel","2022-11-23T12:51:57.680Z",NA,"18 years switzerland basel"
"163","01H1XKR9DHTM9ECGGCBPPADFQE","besartsu","I‚Äòm 21 years old and I just startet my own in Business in Switzerland. 
We sell medical, hygiene and consumable supplies.","2023-06-02T08:32:22.849Z",NA,"‚Äòm 21 years old just startet business switzerland sell medical hygiene consumable supplies"
"164","01H20D44AY5R8BBSENAAPH1PA2","Remo Z.","Hello

I am Remo, an 18 year old from Switzerland. I joined the Real World because i want to learn something new and make some money nearby. ","2023-06-03T10:35:10.498Z",NA,"hello remo 18 year old switzerland joined real world want learn something new make money nearby "
"165","01GYF6V9SD5D8CJA95EQG7GSFN","motionator","A hungry and competitive neo-peneur who re-started up a film production company in Zurich, got fucked and is now back on his lifes-mission building a boutique virtual motion strategy consultancy for t","2023-04-20T11:34:02.998Z",NA," hungry competitive neopeneur restarted film production company zurich got fucked now back lifesmission building boutique virtual motion strategy consultancy t"
"166","01GWYF4GMZ8D4ZE5SVWKPVH13M","Jamie üìà","SWITZERLAND - 18 - BOXE - SMMA/MA - CRYPTO TRADING.

pressure makes diamonds.


","2023-04-01T13:12:38.335Z",NA,"switzerland 18 boxe smmama crypto trading pressure makes diamonds "
"167","01H7PZM7AB7NW4H9ZVPDTHZ0PF","Jan Walker","24 years old born an raised living in switzerland / Zug. 
","2023-08-13T08:21:49.895Z",NA,"24 years old born raised living switzerland zug "
"168","01H1G393DF05TVKY7RXJ0PHNCV","Miraklez","27yo G living in Switzerland. Crypto Investing | DeFi | Health | Martial arts ","2023-05-28T02:35:51.946Z",NA,"27yo g living switzerland crypto investing defi health martial arts "
"169","01GZRE2EYRBWDMV0XMHJHHVD0K","Mounrix","My name is Rodrigo, I live in Switzerland  and I'm a 16 years old teenager that want change in my life. I'm here because I don't want to continue brokie anymore.","2023-05-06T11:48:45.785Z",NA," name rodrigo live switzerland im 16 years old teenager want change life im dont want continue brokie anymore"
"170","01HE4N50TRZA07W6BYHHNPBWG7","Renato Altamirano","I have a company in Switzerland about tourism. I have a company in Russia about education and money transfer. And i have a company in Peru about real state. ","2023-11-01T05:20:00.510Z",NA," company switzerland tourism company russia education money transfer company peru real state "
"171","01H43B9RCSX58RNB1N6EWX3YDS","DarkMoxinho","Discord : madara1398
Instagram : Chico_costa13

Portuguese Man 25y Living on switzerland","2023-06-29T10:31:26.318Z",NA,"discord madara1398 instagram chicocosta13 portuguese man 25y living switzerland"
"172","01H4Z9MMHQSJA9BRBMMEJCG0ZF","Jonas Mouttet","EN/FR/ES speaker
25 y/o, living in Switzerland
Working out for 8 years
Crypto investor & content creator (@Crypto_Jonesoff on X)
Financial Advisor (insurance & providence field)
Actually developping m","2023-07-10T07:01:33.347Z",NA,"enfres speaker 25 yo living switzerland working 8 years crypto investor content creator cryptojonesoff x financial advisor insurance providence field actually developping m"
"173","01GXJYYCA2JSZHQJMNZPKPFZ5J","Dario2019","I live in Switzerland and I have a son, who is 3 years old. I work to pay the bills.","2023-04-09T12:14:30.952Z",NA," live switzerland son 3 years old work pay bills"
"174","01JC2YQ06S7YMHQN0B6TC6VECP","Karlsk","Some facts about me
21 Years
Based in Switzerland
Carpenter
Trader
Figuring out what Business to choose
","2024-11-07T09:19:30.274Z",NA," facts 21 years based switzerland carpenter trader figuring business choose "
"175","01GZ8J7HGWS6QBACDF135TE27T","Raphael W.","24 years old, living in switzerland. 
exited for the change ü§ùüèº","2023-04-30T07:50:29.293Z",NA,"24 years old living switzerland exited change ü†πüÄπ"
"176","01GZNXP99F93G5Q6Y040DHPQV5","supremeleaders8","Swiss cheese ","2023-05-05T12:46:03.326Z",NA,"swiss cheese "
"177","01GJQTM2E7TDX8TFTTZ47J08BX","Makedon13","Macedonian living in Switzerland. God wants Players, not Fans. All glory to Jesus.","2023-02-04T00:57:54.285Z",NA,"macedonian living switzerland god wants players fans glory jesus"
"178","01H66BPCT7HSFR3RHWD8SJQQPA","Raphael M.","23 y/o | experienced investor | still much to learn about business and success | living in Switzerland","2023-07-25T11:10:29.459Z",NA,"23 yo experienced investor still much learn business success living switzerland"
"179","01GJASJGFQRTJQFY79SYDBV828","Alxx7","Swiss Based.
Languages: 
English
French
German
Russian
Dutch","2022-11-20T15:24:40.863Z",NA,"swiss based languages english french german russian dutch"
"180","01GZHW5GNXYEZP0F5NG5DD0C4W","Kawask","Swiss dude.","2023-05-03T22:37:13.263Z",NA,"swiss dude"
"181","01H4RPJXCV2QZ3HTH2A2SHAXAQ","Razor!","In Zurich I locate my stance. Seeking refuge beyond the Matrix is my objective.
Within the intricate streets and towering skyscrapers of Zurich, I discover my foundation. 

But far from the deceptive ","2023-07-07T17:55:15.719Z",NA," zurich locate stance seeking refuge beyond matrix objective within intricate streets towering skyscrapers zurich discover foundation far deceptive "
